<?xml version="1.0" encoding="UTF-8"?>
<EngineeringData version="23.1.0.230" versiondate="28-11-2022 08:19:00">
  <Notes>
  </Notes>
  <Materials>
    <MatML_Doc>
      <Material>
        <BulkDetails>
          <Name>Carbon Fiber (230 GPa)</Name>
          <Description>Fibers only</Description>
          <Class>
            <Name>Composite</Name>
          </Class>
          <PropertyData property="pr0">
            <Data format="string">-</Data>
            <Qualifier name="Behavior">Orthotropic</Qualifier>
            <Qualifier name="Field Variable Compatible">Temperature</Qualifier>
            <ParameterValue parameter="pa0" format="string">
              <Data>Interpolation Options</Data>
              <Qualifier name="AlgorithmType">Linear Multivariate (Qhull)</Qualifier>
              <Qualifier name="Normalized">True</Qualifier>
              <Qualifier name="Cached">True</Qualifier>
              <Qualifier name="ExtrapolationType">Projection to the Bounding Box</Qualifier>
            </ParameterValue>
            <ParameterValue parameter="pa1" format="float">
              <Data>230000000000</Data>
              <Qualifier name="Variable Type">Dependent</Qualifier>
            </ParameterValue>
            <ParameterValue parameter="pa2" format="float">
              <Data>23000000000</Data>
              <Qualifier name="Variable Type">Dependent</Qualifier>
            </ParameterValue>
            <ParameterValue parameter="pa3" format="float">
              <Data>23000000000</Data>
              <Qualifier name="Variable Type">Dependent</Qualifier>
            </ParameterValue>
            <ParameterValue parameter="pa4" format="float">
              <Data>0.2</Data>
              <Qualifier name="Variable Type">Dependent</Qualifier>
            </ParameterValue>
            <ParameterValue parameter="pa5" format="float">
              <Data>0.4</Data>
              <Qualifier name="Variable Type">Dependent</Qualifier>
            </ParameterValue>
            <ParameterValue parameter="pa6" format="float">
              <Data>0.2</Data>
              <Qualifier name="Variable Type">Dependent</Qualifier>
            </ParameterValue>
            <ParameterValue parameter="pa7" format="float">
              <Data>9000000000</Data>
              <Qualifier name="Variable Type">Dependent</Qualifier>
            </ParameterValue>
            <ParameterValue parameter="pa8" format="float">
              <Data>8214285714</Data>
              <Qualifier name="Variable Type">Dependent</Qualifier>
            </ParameterValue>
            <ParameterValue parameter="pa9" format="float">
              <Data>9000000000</Data>
              <Qualifier name="Variable Type">Dependent</Qualifier>
            </ParameterValue>
          </PropertyData>
          <PropertyData property="pr1">
            <Data format="string">-</Data>
            <Qualifier name="Field Variable Compatible">Temperature</Qualifier>
            <ParameterValue parameter="pa0" format="string">
              <Data>Interpolation Options</Data>
              <Qualifier name="AlgorithmType">Linear Multivariate (Qhull)</Qualifier>
              <Qualifier name="Normalized">True</Qualifier>
              <Qualifier name="Cached">True</Qualifier>
              <Qualifier name="ExtrapolationType">Projection to the Bounding Box</Qualifier>
            </ParameterValue>
            <ParameterValue parameter="pa10" format="float">
              <Data>1800</Data>
              <Qualifier name="Variable Type">Dependent</Qualifier>
            </ParameterValue>
          </PropertyData>
          <PropertyData property="pr2">
            <Data format="string">-</Data>
            <Qualifier name="guid">b0de5d7d-a9d8-49df-9d28-1e9d94012398</Qualifier>
            <Qualifier name="Display">False</Qualifier>
          </PropertyData>
          <PropertyData property="pr3">
            <Data format="string">-</Data>
            <ParameterValue parameter="pa11" format="float">
              <Data>130</Data>
              <Qualifier name="Variable Type">Dependent</Qualifier>
            </ParameterValue>
            <ParameterValue parameter="pa12" format="float">
              <Data>181</Data>
              <Qualifier name="Variable Type">Dependent</Qualifier>
            </ParameterValue>
            <ParameterValue parameter="pa13" format="float">
              <Data>143</Data>
              <Qualifier name="Variable Type">Dependent</Qualifier>
            </ParameterValue>
            <ParameterValue parameter="pa14" format="string">
              <Data>Appearance</Data>
            </ParameterValue>
          </PropertyData>
        </BulkDetails>
      </Material>
      <Metadata>
        <ParameterDetails id="pa0">
          <Name>Options Variable</Name>
          <Unitless />
        </ParameterDetails>
        <ParameterDetails id="pa1">
          <Name>Young's Modulus X direction</Name>
          <Units name="Stress">
            <Unit>
              <Name>Pa</Name>
            </Unit>
          </Units>
        </ParameterDetails>
        <ParameterDetails id="pa2">
          <Name>Young's Modulus Y direction</Name>
          <Units name="Stress">
            <Unit>
              <Name>Pa</Name>
            </Unit>
          </Units>
        </ParameterDetails>
        <ParameterDetails id="pa3">
          <Name>Young's Modulus Z direction</Name>
          <Units name="Stress">
            <Unit>
              <Name>Pa</Name>
            </Unit>
          </Units>
        </ParameterDetails>
        <ParameterDetails id="pa4">
          <Name>Poisson's Ratio XY</Name>
          <Unitless />
        </ParameterDetails>
        <ParameterDetails id="pa5">
          <Name>Poisson's Ratio YZ</Name>
          <Unitless />
        </ParameterDetails>
        <ParameterDetails id="pa6">
          <Name>Poisson's Ratio XZ</Name>
          <Unitless />
        </ParameterDetails>
        <ParameterDetails id="pa7">
          <Name>Shear Modulus XY</Name>
          <Units name="Stress">
            <Unit>
              <Name>Pa</Name>
            </Unit>
          </Units>
        </ParameterDetails>
        <ParameterDetails id="pa8">
          <Name>Shear Modulus YZ</Name>
          <Units name="Stress">
            <Unit>
              <Name>Pa</Name>
            </Unit>
          </Units>
        </ParameterDetails>
        <ParameterDetails id="pa9">
          <Name>Shear Modulus XZ</Name>
          <Units name="Stress">
            <Unit>
              <Name>Pa</Name>
            </Unit>
          </Units>
        </ParameterDetails>
        <ParameterDetails id="pa10">
          <Name>Density</Name>
          <Units name="Density">
            <Unit>
              <Name>kg</Name>
            </Unit>
            <Unit power="-3">
              <Name>m</Name>
            </Unit>
          </Units>
        </ParameterDetails>
        <ParameterDetails id="pa11">
          <Name>Red</Name>
          <Unitless />
        </ParameterDetails>
        <ParameterDetails id="pa12">
          <Name>Green</Name>
          <Unitless />
        </ParameterDetails>
        <ParameterDetails id="pa13">
          <Name>Blue</Name>
          <Unitless />
        </ParameterDetails>
        <ParameterDetails id="pa14">
          <Name>Material Property</Name>
          <Unitless />
        </ParameterDetails>
        <PropertyDetails id="pr0">
          <Unitless />
          <Name>Elasticity</Name>
        </PropertyDetails>
        <PropertyDetails id="pr1">
          <Unitless />
          <Name>Density</Name>
        </PropertyDetails>
        <PropertyDetails id="pr2">
          <Unitless />
          <Name>Material Unique Id</Name>
        </PropertyDetails>
        <PropertyDetails id="pr3">
          <Unitless />
          <Name>Color</Name>
        </PropertyDetails>
      </Metadata>
    </MatML_Doc>
  </Materials>
  <ANSYSWBTransferData>
    <Materials>
      <Material>
        <Name>Carbon Fiber (230 GPa)</Name>
        <DataTransferID>7a39f887-7888-4f08-9564-04972f3d9139</DataTransferID>
        <PreviousTransferIDs>b0de5d7d-a9d8-49df-9d28-1e9d94012398,,</PreviousTransferIDs>
      </Material>
    </Materials>
  </ANSYSWBTransferData>
</EngineeringData>