<?xml version="1.0" encoding="UTF-8" standalone="no" ?><CAERep ObjId="42" Type="CAERep" Ver="2"><CapabilityId PropType="string">JAYBHARARIA-jaybh-6260-000363</CapabilityId><DSEnvironmentID PropType="int">24</DSEnvironmentID><ExternalProductVersion PropType="string">2023 R1</ExternalProductVersion><Goal PropType="string">RunSolver</Goal><HasBetaKeyOn PropType="bool">false</HasBetaKeyOn><InProcess PropType="bool">false</InProcess><LastDatabaseId PropType="unsigned int">70</LastDatabaseId><LicenseServer PropType="string">49844@JAYBHARARIA</LicenseServer><NumProcessorsForPost PropType="int">0</NumProcessorsForPost><PID_Legacy_Solve PropType="int">0</PID_Legacy_Solve><PartialCode PropType="int">1</PartialCode><ProductVersion PropType="string">23.1 RELEASE</ProductVersion><ProductVersionForSec PropType="string">23.1</ProductVersionForSec><ProjectName PropType="string">Submersible--Explicit Dynamics (C5)</ProjectName><ReturnCode PropType="int">1</ReturnCode><SolveInvokedFromAddin PropType="int">0</SolveInvokedFromAddin><SysvarMap PropType="map&lt;string,string>"/><EngineeringRep ObjId="43" Type="EngineeringRep" Ver="2"><BCRep ObjId="46" Type="BCRep" Ver="2"><StepEndTimes PropType="vector&lt;double>" UCat="Time" Unt="s">1e-05</StepEndTimes><Acceleration ObjId="30" Type="Acceleration" Ver="2"><Caption PropType="string">Acceleration</Caption><IsBaseExcitation PropType="bool">false</IsBaseExcitation><RefCoordSysId PropType="unsigned int">23</RefCoordSysId><LoadStep ObjId="62" Type="LoadStep" Ver="2"><ActiveBitmask PropType="vector&lt;int>">63</ActiveBitmask><IsActive PropType="vector&lt;bool>">true</IsActive><Number PropType="vector&lt;int>"/></LoadStep><ComponentX ObjId="63" Type="Table" Ver="2"><StepNumber PropType="vector&lt;int>">1,1</StepNumber><Time PropType="vector&lt;double>" UCat="Time" Unt="s">    0,1e-05</Time><Values PropType="vector&lt;double>" UCat="Acceleration" Unt="m s^-2">    0,    0</Values></ComponentX><ComponentY ObjId="64" Type="Table" Ver="2"><StepNumber PropType="vector&lt;int>">1,1</StepNumber><Time PropType="vector&lt;double>" UCat="Time" Unt="s">    0,1e-05</Time><Values PropType="vector&lt;double>" UCat="Acceleration" Unt="m s^-2">    0,    0</Values></ComponentY><ComponentZ ObjId="65" Type="Table" Ver="2"><StepNumber PropType="vector&lt;int>">1,1</StepNumber><Time PropType="vector&lt;double>" UCat="Time" Unt="s">    0,1e-05</Time><Values PropType="vector&lt;double>" UCat="Acceleration" Unt="m s^-2">    3,    3</Values></ComponentZ></Acceleration><InitialConditionsRep ObjId="28" Type="InitialConditionsRep" Ver="2"><Caption PropType="string">Pre-Stress (None)</Caption><Scoping PropType="vector&lt;string>"/><Type PropType="string">LinkedEnvironment</Type></InitialConditionsRep><NormalPressure ObjId="32" Type="NormalPressure" Ver="2"><Caption PropType="string">Pressure</Caption><LoadDefineBy PropType="unsigned int">2</LoadDefineBy><Scoping PropType="vector&lt;string>">33</Scoping><LoadStep ObjId="66" Type="LoadStep" Ver="2"><ActiveBitmask PropType="vector&lt;int>">63</ActiveBitmask><IsActive PropType="vector&lt;bool>">true</IsActive><Number PropType="vector&lt;int>"/></LoadStep><Magnitude ObjId="67" Type="Table" Ver="2"><StepNumber PropType="vector&lt;int>">1,1</StepNumber><Time PropType="vector&lt;double>" UCat="Time" Unt="s">    0,1e-05</Time><Values PropType="vector&lt;double>" UCat="Pressure" Unt="Pa">10130000000000,10130000000000</Values></Magnitude></NormalPressure></BCRep><GeometryAttributes ObjId="44" Type="GeometryAttributes" Ver="2"><AssemblyAttributes ObjId="45" Type="AssemblyAttributes" Ver="2"><ElementOptionControl PropType="string">ProgramControlled</ElementOptionControl><GeometrySource PropType="string">C:\Users\jaybh\OneDrive\Desktop\BTP_Project_ROS\Submersible_files\dp0\SYS-2\DM\SYS-2.scdoc</GeometrySource><Is2DAnalysis PropType="bool">false</Is2DAnalysis><IsMixedDimension PropType="bool">false</IsMixedDimension><PartAttributes ObjId="19" Type="PartAttributes" Ver="2"><Caption PropType="string">Oceangate Bodies</Caption><Mass PropType="double" UCat="Mass" Unt="kg">12426.88652038762</Mass><PartId PropType="unsigned int">3</PartId><BodyAttributes ObjId="20" Type="BodyAttributes" Ver="2"><AreNonLinearEffectsOn PropType="bool">true</AreNonLinearEffectsOn><BoundingBoxDiagonal PropType="double" UCat="Length" Unt="m">7.108783375879871</BoundingBoxDiagonal><Caption PropType="string">Oceangate\Solid</Caption><ElementCoordSysId PropType="unsigned int">23</ElementCoordSysId><GeometryType PropType="string">Solid</GeometryType><Mass PropType="double" UCat="Mass" Unt="kg">12426.88652038762</Mass><ProtoReferenceId PropType="unsigned int">4</ProtoReferenceId><ReferenceFrame PropType="string">Lagrangian</ReferenceFrame><StiffnessBehavior PropType="string">Deformable</StiffnessBehavior><ThermalStrainCalculation PropType="bool">true</ThermalStrainCalculation><Centroid ObjId="53" Type="DSGePoint3d" Ver="3"><Coordinates PropType="vector&lt;double>" UCat="Length" Unt="m">0.0007504154261797488,2.295642854033025,-0.05986402240932028</Coordinates></Centroid><MassMomentOfInertia ObjId="52" Type="MassMomentOfInertia" Ver="2"><Ixx PropType="double" UCat="MomentInertiaMass" Unt="kg m^2">44356.63144960294</Ixx><Iyy PropType="double" UCat="MomentInertiaMass" Unt="kg m^2">7212.917140652836</Iyy><Izz PropType="double" UCat="MomentInertiaMass" Unt="kg m^2">44554.38854702251</Izz></MassMomentOfInertia><MaterialRep ObjId="51" Type="MaterialRep" Ver="2"><MaterialName PropType="string">Structural Steel</MaterialName><ReferenceTemperature PropType="double" UCat="Temperature" Unt="Celsius">   22</ReferenceTemperature><RelaxationTemperature PropType="double" UCat="Temperature" Unt="Celsius">    0</RelaxationTemperature><UnitSystem PropType="int">0</UnitSystem><UseReferenceTemperature PropType="bool">false</UseReferenceTemperature><UseRelaxationTemperature PropType="bool">false</UseRelaxationTemperature></MaterialRep></BodyAttributes><Centroid ObjId="54" Type="DSGePoint3d" Ver="3"><Coordinates PropType="vector&lt;double>" UCat="Length" Unt="m">0.0007504154261797488,2.295642854033025,-0.05986402240932028</Coordinates></Centroid><MassMomentOfInertia ObjId="55" Type="MassMomentOfInertia" Ver="2"><Ixx PropType="double" UCat="MomentInertiaMass" Unt="kg m^2">44356.63144960294</Ixx><Iyy PropType="double" UCat="MomentInertiaMass" Unt="kg m^2">7212.917140652836</Iyy><Izz PropType="double" UCat="MomentInertiaMass" Unt="kg m^2">44554.38854702251</Izz><CoordinateSystemRep ObjId="56" Type="CoordinateSystemRep" Ver="3"><Caption PropType="string">Undefined</Caption><CoordSystemIndex PropType="unsigned int">0</CoordSystemIndex><IsGlobal PropType="bool">false</IsGlobal><Param1 PropType="double">    1</Param1><Param2 PropType="double">    1</Param2><Singularity1 PropType="int">0</Singularity1><Singularity2 PropType="int">0</Singularity2><SolverCoordNumber PropType="unsigned int">0</SolverCoordNumber><Type PropType="string">Cartesian</Type><DSGePoint3d ObjId="58" Type="DSGePoint3d" Ver="3"><Coordinates PropType="vector&lt;double>" UCat="Length" Unt="m">0.0007504154261797488,2.295642854033025,-0.05986402240932028</Coordinates></DSGePoint3d><Matrix3X3 ObjId="57" Type="Matrix3X3" Ver="2"><IsOrthogonal PropType="bool">false</IsOrthogonal><Row0 PropType="vector&lt;double>">0.9999692484092683,-0.0006368354863822588,-0.007816436295821908</Row0><Row1 PropType="vector&lt;double>">0.0002156982807893087,0.9985537849819104,-0.05376143573745549</Row1><Row2 PropType="vector&lt;double>">0.007839369238339418,0.05375809649591563,0.9985232152289105</Row2></Matrix3X3></CoordinateSystemRep></MassMomentOfInertia></PartAttributes></AssemblyAttributes></GeometryAttributes><ServiceRep ObjId="47" Type="ServiceRep" Ver="2"><CoordinateSystemRep ObjId="23" Type="CoordinateSystemRep" Ver="3"><Caption PropType="string">Global Coordinate System</Caption><CoordSystemIndex PropType="unsigned int">0</CoordSystemIndex><IsGlobal PropType="bool">true</IsGlobal><Param1 PropType="double">    1</Param1><Param2 PropType="double">    1</Param2><Singularity1 PropType="int">0</Singularity1><Singularity2 PropType="int">0</Singularity2><SolverCoordNumber PropType="int">0</SolverCoordNumber><Type PropType="string">Cartesian</Type><DSGePoint3d ObjId="60" Type="DSGePoint3d" Ver="3"><Coordinates PropType="vector&lt;double>" UCat="Length" Unt="m">    0,    0,    0</Coordinates></DSGePoint3d><Matrix3X3 ObjId="59" Type="Matrix3X3" Ver="2"><IsOrthogonal PropType="bool">false</IsOrthogonal><Row0 PropType="vector&lt;double>">    1,    0,    0</Row0><Row1 PropType="vector&lt;double>">    0,    1,    0</Row1><Row2 PropType="vector&lt;double>">    0,    0,    1</Row2></Matrix3X3></CoordinateSystemRep><ReferenceDataRep ObjId="61" Type="ReferenceDataRep" Ver="2"><BodyId PropType="vector&lt;unsigned int>">4,4,4,4,4</BodyId><PartId PropType="vector&lt;unsigned int>">3,3,3,3,3</PartId><RefId PropType="vector&lt;unsigned int>">1,2,3,4,5</RefId><RefItem PropType="vector&lt;unsigned int>">0,0,0,0,0</RefItem><RefType PropType="vector&lt;unsigned int>">1048576,1048576,2080,160,544</RefType><RefValue PropType="vector&lt;unsigned int>">4,4,16,5,7</RefValue><Scoping PropType="vector&lt;string>">21,31,33,33,33</Scoping><Type PropType="vector&lt;unsigned int>">1,1,1,1,1</Type><UBID PropType="vector&lt;unsigned int>">20,20,20,20,20</UBID><UPID PropType="vector&lt;unsigned int>">19,19,19,19,19</UPID></ReferenceDataRep></ServiceRep></EngineeringRep><GeometryRep ObjId="50" Type="GeometryRep" Ver="2"><ActiveAssembly PropType="unsigned int">1</ActiveAssembly><PartsAssembly PropType="string">PartsAssembly.bin</PartsAssembly><Units PropType="string">m</Units></GeometryRep><MaterialLibraryRep ObjId="49" Type="MaterialLibraryRep" Ver="2"><FileName PropType="string">MatML.xml</FileName></MaterialLibraryRep><MeshRep ObjId="48" Type="MeshRep" Ver="2"><AssemblyMesh PropType="string">AssemblyMesh.bin</AssemblyMesh><Configuration PropType="unsigned int">35</Configuration><IndependentMesh PropType="string">IndependentMesh.bin</IndependentMesh><RigidBodyBehavior PropType="string">FullMesh</RigidBodyBehavior><Units PropType="string">m</Units></MeshRep><SolverRep ObjId="68" Type="SolverRep" Ver="2"><AnalysisType PropType="string">Explicit</AnalysisType><IsCoupledFieldSystem PropType="bool">false</IsCoupledFieldSystem><PhysicsType PropType="string">Mechanical</PhysicsType><SolverTargetName PropType="string">AUTODYN</SolverTargetName><SolverUnits PropType="int">11</SolverUnits><FEConnectorsRep ObjId="26" Type="FEConnectorsRep" Ver="2"><StepSelection PropType="int">0</StepSelection></FEConnectorsRep><FileManagementRep ObjId="70" Type="FileManagementRep" Ver="2"><DeleteUnneededFiles PropType="bool">false</DeleteUnneededFiles><SolverFileDirectory PropType="string"/><SolverFileRelativeDirectory PropType="string"/></FileManagementRep><ProcessControls ObjId="69" Type="ProcessControls" Ver="2"><DistributedSolve PropType="bool">false</DistributedSolve><IsLocal PropType="bool">true</IsLocal><IsRSMSolve PropType="bool">false</IsRSMSolve><ManualMemorySettings PropType="bool">false</ManualMemorySettings><MaxProcessors PropType="int">4</MaxProcessors></ProcessControls><AnalysisSettings CAEType="extObj"><SolverSettings><Version>21.1.0.2</Version><PreferenceTypeControls Version="1.0"><PreferenceType Value="Custom"/><SelfContact Value="No"/></PreferenceTypeControls><StepControls Version="6.0"><ResumeFromTimeStep>0</ResumeFromTimeStep><EndTime>1E-05</EndTime><MaximumTimeSteps>10000000</MaximumTimeSteps><MaximumEnergyError>0.1</MaximumEnergyError><ReferenceEnergyTimeStep>0</ReferenceEnergyTimeStep><InitialTimeStep>2 [s]</InitialTimeStep><MinimumTimeStep>0 [s]</MinimumTimeStep><MaximumTimeStep>100000 [s]</MaximumTimeStep><TimeStepSafetyFactor>1</TimeStepSafetyFactor><CharZoneDimension Value="Diagonals"/><StepAwareMassScaling Value="No"/><AutomaticMassScaling><Step IsCurrent="True" Number="1" Value="No"/><MassScalingMinTimeStep><Step IsCurrent="True" Number="1" Value="1E-20 [s]"/></MassScalingMinTimeStep><MassScalingMaxElem>100</MassScalingMaxElem><MassScalingMaxPart>0.05</MassScalingMaxPart><MassScalingUpdateFreq>0</MassScalingUpdateFreq></AutomaticMassScaling><Steps><Step EndTime="1E-05" IsCurrent="True" LoadStepType="Explicit" Number="1"/></Steps><ADRControls><Step ADRConvergenceMethod="ProgramControlled" ADRConvergenceTolerance="1E-06" ADRMaximumIterations="1000000" IsCurrent="True" Number="1"/></ADRControls></StepControls><SolverControls Version="2.0"><Precision Value="Double"/><SolveUnits Value="mmmgms"/><BeamSolution Value="Bending"/><BeamTimeStepSafetyFactor>0.5</BeamTimeStepSafetyFactor><HexIntegration Value="Exact"/><ShellSublayers>3</ShellSublayers><ShellShearCorrectionFactor>0.8333</ShellShearCorrectionFactor><ShellWarpCorrection Value="Yes"/><ShellThicknessUpdate Value="Nodal"/><TetPressureIntegration Value="AverageNodal"/><PusoStabilityCoefficient>0.1</PusoStabilityCoefficient><ShellInertiaUpdate Value="Recompute"/><DensityUpdate Value="ProgramControlled"/><SPHMinTimestep>1E-10 [s]</SPHMinTimestep><SPHMinDensityFactor>0.2</SPHMinDensityFactor><SPHMaxDensityFactor>3</SPHMaxDensityFactor><SPHLimitOrDelete Value="LimitDensity"/><DetonationBurn Value="ProgramControlled"/><MinimumVelocity>1E-06 [m s^-1]</MinimumVelocity><MaximumVelocity>10000000000 [m s^-1]</MaximumVelocity><RadiusCutoff>0.001</RadiusCutoff><MinimumStrainRateCutoff>1E-10</MinimumStrainRateCutoff></SolverControls><EulerControls Version="2.0"><EulerTrack Value="ByBody"/><Is2dAnalysis Value="False"><EulerSizeDef Value="Auto"><EulerDomScopeDef Value="AllBodies"/><EulerXScaleFactor>1.2</EulerXScaleFactor><EulerYScaleFactor>1.2</EulerYScaleFactor><EulerZScaleFactor>1.2</EulerZScaleFactor></EulerSizeDef><EulerResolutionDef Value="TotalCells"><EulerTotalCells>250000</EulerTotalCells></EulerResolutionDef><EulerBoundLowerX Value="FlowOut"/><EulerBoundLowerY Value="FlowOut"/><EulerBoundLowerZ Value="FlowOut"/><EulerBoundUpperX Value="FlowOut"/><EulerBoundUpperY Value="FlowOut"/><EulerBoundUpperZ Value="FlowOut"/></Is2dAnalysis><EulerDisplayBox Value="True"/><EulerDomainProperties><EulerXOrigin>0 [m]</EulerXOrigin><EulerYOrigin>0 [m]</EulerYOrigin><EulerZOrigin>0 [m]</EulerZOrigin><EulerXSize>0 [m]</EulerXSize><EulerYSize>0 [m]</EulerYSize><EulerZSize>0 [m]</EulerZSize><EulerXResolution>0</EulerXResolution><EulerYResolution>0</EulerYResolution><EulerZResolution>0</EulerZResolution></EulerDomainProperties><EulerPropertyDisplayBox Value="False"/></EulerControls><DampingControls Version="2.2"><LinearArtificialViscosity>0.2</LinearArtificialViscosity><QuadraticArtificialViscosity>1</QuadraticArtificialViscosity><LinearViscosityExpansion Value="No"/><ArtificialViscosityForShells Value="Yes"/><LinearViscositySPH>1</LinearViscositySPH><QuadraticViscositySPH>1</QuadraticViscositySPH><HourglassDamping Value="ADstandard"/><StiffnessCoefficient>0.1</StiffnessCoefficient><ViscousCoefficientFB>0</ViscousCoefficientFB><ViscousCoefficient>0.1</ViscousCoefficient><StaticDamping><Step IsCurrent="True" Number="1" StaticDamping="0"/></StaticDamping></DampingControls><ErosionControls Version="2.0"><ErosionOnGeomStrain Value="Yes"><ErosionGeomStrainLimit>1.5</ErosionGeomStrainLimit></ErosionOnGeomStrain><ErosionOnMaterialFailure Value="No"/><ErosionOnMinElemTimestep Value="No"><ErosionMinElemTimestep>1E+20 [s]</ErosionMinElemTimestep></ErosionOnMinElemTimestep><ErosionRetainIntertia Value="Yes"/></ErosionControls><OutputControls Version="2.1"><StepawareOutputControls Value="No"/><SaveResultsOn><Step IsCurrent="True" Number="1" NumberOfPoints="20" Value="EquallySpaced"/></SaveResultsOn><SaveRestartsOn><Step IsCurrent="True" Number="1" NumberOfPoints="5" Value="EquallySpaced"/></SaveRestartsOn><SaveProbeDataOn><Step IsCurrent="True" Number="1" TimeSteps="1" Value="TimeSteps"/></SaveProbeDataOn><SavePrintSummaryOn Value="TimeSteps"><SavePrintSummaryOnTimeSteps>100</SavePrintSummaryOnTimeSteps><SavePrintSummaryOnTime>1 [s]</SavePrintSummaryOnTime></SavePrintSummaryOn><SaveUserEditOn Value="TimeSteps"><SaveUserEditOnTimeSteps>0</SaveUserEditOnTimeSteps><SaveUserEditOnTime>1 [s]</SaveUserEditOnTime></SaveUserEditOn><OutputContactForcesOn Value="Off"><OutputContactForcesOnTimeSteps>10</OutputContactForcesOnTimeSteps><OutputContactForcesOnTime>1 [s]</OutputContactForcesOnTime><OutputContactForcesOnPoints>5</OutputContactForcesOnPoints></OutputContactForcesOn><OutputRemapFileOn Value="ProgramControlled"/></OutputControls></SolverSettings></AnalysisSettings></SolverRep></CAERep>