<?xml version="1.0" encoding="UTF-8" standalone="no" ?><CAERep ObjId="78" Type="CAERep" Ver="2"><DSEnvironmentID PropType="int">24</DSEnvironmentID><ExternalProductVersion PropType="string">2023 R2</ExternalProductVersion><Goal PropType="string">RunSolver</Goal><HasBetaKeyOn PropType="bool">false</HasBetaKeyOn><InProcess PropType="bool">true</InProcess><LastDatabaseId PropType="unsigned int">101</LastDatabaseId><NumProcessorsForPost PropType="int">0</NumProcessorsForPost><PID_Legacy_Solve PropType="int">0</PID_Legacy_Solve><PartialCode PropType="int">1</PartialCode><ProductVersion PropType="string">23.2 RELEASE</ProductVersion><ProductVersionForSec PropType="string">23.2</ProductVersionForSec><ProjectName PropType="string">mypistoncup--Static Structural (A5)</ProjectName><ReturnCode PropType="int">1</ReturnCode><SolveInvokedFromAddin PropType="int">0</SolveInvokedFromAddin><SysvarMap PropType="map&lt;string,string>"><Entry key="DSSolver ProgId">AMKSolver.AMKSolver.232</Entry></SysvarMap><EngineeringRep ObjId="79" Type="EngineeringRep" Ver="2"><BCRep ObjId="82" Type="BCRep" Ver="2"><StepEndTimes PropType="vector&lt;double>" UCat="Time" Unt="s">    1</StepEndTimes><NormalPressure ObjId="38" Type="NormalPressure" Ver="2"><Caption PropType="string">Pressure</Caption><LoadAppliedBy PropType="unsigned int">0</LoadAppliedBy><LoadDefineBy PropType="unsigned int">2</LoadDefineBy><LoadedAreaType PropType="unsigned int">0</LoadedAreaType><Scoping PropType="vector&lt;string>">39</Scoping><LoadStep ObjId="97" Type="LoadStep" Ver="2"><ActiveBitmask PropType="vector&lt;int>">63</ActiveBitmask><IsActive PropType="vector&lt;bool>">true</IsActive><Number PropType="vector&lt;int>"/></LoadStep><Magnitude ObjId="98" Type="Table" Ver="2"><StepNumber PropType="vector&lt;int>">1,1</StepNumber><Time PropType="vector&lt;double>" UCat="Time" Unt="s">    0,    1</Time><Values PropType="vector&lt;double>" UCat="Pressure" Unt="Pa">  500,  500</Values></Magnitude></NormalPressure><FixedSurfaceSupport ObjId="42" Type="Support" Ver="2"><Caption PropType="string">Fixed Support</Caption><Scoping PropType="vector&lt;string>">43</Scoping><Type PropType="string"/></FixedSurfaceSupport><FrictionlessSupport ObjId="40" Type="Support" Ver="2"><Caption PropType="string">Frictionless Support</Caption><Scoping PropType="vector&lt;string>">41</Scoping><Type PropType="string"/></FrictionlessSupport></BCRep><GeometryAttributes ObjId="80" Type="GeometryAttributes" Ver="2"><AssemblyAttributes ObjId="81" Type="AssemblyAttributes" Ver="2"><ElementOptionControl PropType="string">ProgramControlled</ElementOptionControl><GeometrySource PropType="string">C:\Users\Garvit\Downloads\piston paper\piston-set-4.snapshot.18\piston head.STEP</GeometrySource><Is2DAnalysis PropType="bool">false</Is2DAnalysis><IsMixedDimension PropType="bool">false</IsMixedDimension><PartAttributes ObjId="19" Type="PartAttributes" Ver="2"><Caption PropType="string">piston head-FreeParts|Mirror2 Bodies</Caption><Mass PropType="double" UCat="Mass" Unt="kg">0.4853315997532164</Mass><PartId PropType="unsigned int">3</PartId><BodyAttributes ObjId="20" Type="BodyAttributes" Ver="2"><AreNonLinearEffectsOn PropType="bool">true</AreNonLinearEffectsOn><BoundingBoxDiagonal PropType="double" UCat="Length" Unt="m">0.1045856575043678</BoundingBoxDiagonal><Caption PropType="string">piston head-FreeParts|Mirror2</Caption><ElementCoordSysId PropType="unsigned int">23</ElementCoordSysId><GeometryType PropType="string">Solid</GeometryType><Mass PropType="double" UCat="Mass" Unt="kg">0.4853315997532164</Mass><ProtoReferenceId PropType="unsigned int">312</ProtoReferenceId><StiffnessBehavior PropType="string">Deformable</StiffnessBehavior><ThermalStrainCalculation PropType="bool">true</ThermalStrainCalculation><Centroid ObjId="89" Type="DSGePoint3d" Ver="3"><Coordinates PropType="vector&lt;double>" UCat="Length" Unt="m">-2.311536550542444e-07,-0.02295306937928978,-1.361958187381042e-05</Coordinates></Centroid><MassMomentOfInertia ObjId="88" Type="MassMomentOfInertia" Ver="2"><Ixx PropType="double" UCat="MomentInertiaMass" Unt="kg m^2">0.000277874710724576</Ixx><Iyy PropType="double" UCat="MomentInertiaMass" Unt="kg m^2">0.0002876423543009429</Iyy><Izz PropType="double" UCat="MomentInertiaMass" Unt="kg m^2">0.0002888863473816902</Izz></MassMomentOfInertia><MaterialRep ObjId="87" Type="MaterialRep" Ver="2"><MaterialName PropType="string">Gray Cast Iron</MaterialName><ReferenceTemperature PropType="double" UCat="Temperature" Unt="Celsius">   22</ReferenceTemperature><RelaxationTemperature PropType="double" UCat="Temperature" Unt="Celsius">    0</RelaxationTemperature><UnitSystem PropType="int">0</UnitSystem><UseReferenceTemperature PropType="bool">false</UseReferenceTemperature><UseRelaxationTemperature PropType="bool">false</UseRelaxationTemperature></MaterialRep></BodyAttributes><Centroid ObjId="90" Type="DSGePoint3d" Ver="3"><Coordinates PropType="vector&lt;double>" UCat="Length" Unt="m">-2.311536550542444e-07,-0.02295306937928978,-1.361958187381042e-05</Coordinates></Centroid><MassMomentOfInertia ObjId="91" Type="MassMomentOfInertia" Ver="2"><Ixx PropType="double" UCat="MomentInertiaMass" Unt="kg m^2">0.000277874710724576</Ixx><Iyy PropType="double" UCat="MomentInertiaMass" Unt="kg m^2">0.0002876423543009429</Iyy><Izz PropType="double" UCat="MomentInertiaMass" Unt="kg m^2">0.0002888863473816902</Izz><CoordinateSystemRep ObjId="92" Type="CoordinateSystemRep" Ver="3"><Caption PropType="string">Undefined</Caption><CoordSystemIndex PropType="unsigned int">0</CoordSystemIndex><IsGlobal PropType="bool">false</IsGlobal><Param1 PropType="double">    1</Param1><Param2 PropType="double">    1</Param2><Singularity1 PropType="int">0</Singularity1><Singularity2 PropType="int">0</Singularity2><SolverCoordNumber PropType="unsigned int">0</SolverCoordNumber><Type PropType="string">Cartesian</Type><DSGePoint3d ObjId="94" Type="DSGePoint3d" Ver="3"><Coordinates PropType="vector&lt;double>" UCat="Length" Unt="m">-2.311536550542444e-07,-0.02295306937928978,-1.361958187381042e-05</Coordinates></DSGePoint3d><Matrix3X3 ObjId="93" Type="Matrix3X3" Ver="2"><IsOrthogonal PropType="bool">false</IsOrthogonal><Row0 PropType="vector&lt;double>">0.9999999718979047,6.124832574803569e-05,-0.0002290258335892008</Row0><Row1 PropType="vector&lt;double>">-6.31609435607857e-05,0.9999650489163179,-0.008360439969353895</Row1><Row2 PropType="vector&lt;double>">0.0002285057659374858,0.008360454199895761,0.9999650246837068</Row2></Matrix3X3></CoordinateSystemRep></MassMomentOfInertia></PartAttributes></AssemblyAttributes></GeometryAttributes><ServiceRep ObjId="83" Type="ServiceRep" Ver="2"><CoordinateSystemRep ObjId="23" Type="CoordinateSystemRep" Ver="3"><Caption PropType="string">Global Coordinate System</Caption><CoordSystemIndex PropType="unsigned int">0</CoordSystemIndex><IsGlobal PropType="bool">true</IsGlobal><Param1 PropType="double">    1</Param1><Param2 PropType="double">    1</Param2><Singularity1 PropType="int">0</Singularity1><Singularity2 PropType="int">0</Singularity2><SolverCoordNumber PropType="int">0</SolverCoordNumber><Type PropType="string">Cartesian</Type><DSGePoint3d ObjId="96" Type="DSGePoint3d" Ver="3"><Coordinates PropType="vector&lt;double>" UCat="Length" Unt="m">    0,    0,    0</Coordinates></DSGePoint3d><Matrix3X3 ObjId="95" Type="Matrix3X3" Ver="2"><IsOrthogonal PropType="bool">false</IsOrthogonal><Row0 PropType="vector&lt;double>">    1,    0,    0</Row0><Row1 PropType="vector&lt;double>">    0,    1,    0</Row1><Row2 PropType="vector&lt;double>">    0,    0,    1</Row2></Matrix3X3></CoordinateSystemRep></ServiceRep></EngineeringRep><GeometryRep ObjId="86" Type="GeometryRep" Ver="2"><ActiveAssembly PropType="unsigned int">1</ActiveAssembly><PartsAssembly PropType="string">000000000075BD58</PartsAssembly><Units PropType="string">mm</Units></GeometryRep><MaterialLibraryRep ObjId="85" Type="MaterialLibraryRep" Ver="2"><FileName PropType="string">MatML.xml</FileName></MaterialLibraryRep><MeshRep ObjId="84" Type="MeshRep" Ver="2"><AssemblyMesh PropType="string">000000002EF16178</AssemblyMesh><Configuration PropType="unsigned int">76</Configuration><IndependentMesh PropType="string">IndependentMesh.bin</IndependentMesh><RigidBodyBehavior PropType="string">DimensionallyReduced</RigidBodyBehavior><Units PropType="string">mm</Units></MeshRep><SolverRep ObjId="99" Type="SolverRep" Ver="2"><AnalysisType PropType="string">Static</AnalysisType><PhysicsType PropType="string">Mechanical</PhysicsType><SolverTargetName PropType="string">ANSYS</SolverTargetName><SolverUnits PropType="int">11</SolverUnits><UnknownPointerId PropType="string">0000000002F91AD0</UnknownPointerId><FEConnectorsRep ObjId="26" Type="FEConnectorsRep" Ver="2"><StepSelection PropType="int">0</StepSelection></FEConnectorsRep><FileManagementRep ObjId="101" Type="FileManagementRep" Ver="2"><DeleteUnneededFiles PropType="bool">true</DeleteUnneededFiles><SolverFileDirectory PropType="string"/><SolverFileRelativeDirectory PropType="string"/></FileManagementRep><ProcessControls ObjId="100" Type="ProcessControls" Ver="2"><DistributedSolve PropType="bool">true</DistributedSolve><IsLocal PropType="bool">true</IsLocal><IsRSMSolve PropType="bool">false</IsRSMSolve><ManualMemorySettings PropType="bool">false</ManualMemorySettings><MaxProcessors PropType="int">4</MaxProcessors></ProcessControls><AnalysisSettings CAEType="extObj"><StaticMechanicalSettings version="1.0"><StepControls version="1.0"><EndTime>1.</EndTime><TimeStepOptions version="1.0"><AutoTimeSteppingType>ProgramControlled</AutoTimeSteppingType></TimeStepOptions><NonlinearControls version="1.0"><Force><ProgramControlled/></Force><Moment><ProgramControlled/></Moment><Rotation><ProgramControlled/></Rotation><Displacement><ProgramControlled/></Displacement><LineSearch>ProgramControlled</LineSearch><StabilizationControls><StabilizationControls version="1.0"><Controls>Program Controlled</Controls><Method>Energy</Method><EnergyDissipationRatio>1.e-004</EnergyDissipationRatio><DampingFactor>0.</DampingFactor><FirstSubstepOption>No</FirstSubstepOption><ForceLimit>0.2</ForceLimit></StabilizationControls></StabilizationControls><Energy><ProgramControlled/></Energy></NonlinearControls><OutputControls version="1.0"><Stress>true</Stress><Strain>true</Strain><Contact>false</Contact><TimePointsOptions>All</TimePointsOptions><MaxNumberofResultSets>1000</MaxNumberofResultSets><GeneralMisc>false</GeneralMisc><CalculateFracture>false</CalculateFracture><BackStress>false</BackStress><ElementContactData>true</ElementContactData><ElementNonlinearData>false</ElementNonlinearData><ElementEulerAngles>true</ElementEulerAngles><ElementEnergies>true</ElementEnergies><ElementEnergies>true</ElementEnergies><ExportRecoaterInterference>false</ExportRecoaterInterference><ExportHighStrains>false</ExportHighStrains><ResultSetsType>Auto</ResultSetsType><CacheResultsInMemoryType>Never</CacheResultsInMemoryType><StoreModalResult>ProgramControlled</StoreModalResult><ExpandResultFrom>ProgramControlled</ExpandResultFrom><ProgControlledExpansion>Unknown</ProgControlledExpansion><NodalForcesType>No</NodalForcesType><CalculateParticipationFactorResult>ProgramControlled</CalculateParticipationFactorResult><CombineResultFiles>ProgramControlled</CombineResultFiles><ResultFileCompression>ProgramControlled</ResultFileCompression><TimePointsOptions>All</TimePointsOptions><ResultSets></ResultSets></OutputControls><CreepControls version="1.0"><CreepActivation/><CreepLimitRatio>1.</CreepLimitRatio></CreepControls><NonlinearAdaptivityControls version="3.0"><NLADHasMesh>0.</NLADHasMesh><NLADRefinementAlgorithm>0.</NLADRefinementAlgorithm><NLADRemeshingGradient>3.</NLADRemeshingGradient><NLADNumSculptedLayers>2.</NLADNumSculptedLayers><NLADNumSculptedLayersVal2>2.</NLADNumSculptedLayersVal2><NLADBoundaryAngle>15.</NLADBoundaryAngle><NLADRemeshingTolerance>5.e-002</NLADRemeshingTolerance><NLADRemeshingToleranceVal2>0.5</NLADRemeshingToleranceVal2><NLADGlobalSizeRatio>1.</NLADGlobalSizeRatio><NLADGlobalSizeRatioVal2>0.75</NLADGlobalSizeRatioVal2><NLADEdgeSplitAngle>10.</NLADEdgeSplitAngle><NLADLocalSizeRatio>1.</NLADLocalSizeRatio><NLADAggressiveRemeshing>0.</NLADAggressiveRemeshing><NLADProjectToGeometry>0.</NLADProjectToGeometry><MinimumElementSize>0.</MinimumElementSize></NonlinearAdaptivityControls><InertialRelief>false</InertialRelief><InverseSolving>false</InverseSolving><LoadCaseIdentifier></LoadCaseIdentifier></StepControls><SolverControls version="1.0"><SolverType><ProgramControlled/></SolverType><UseLargeDeformation>false</UseLargeDeformation><WeakSprings><Off/></WeakSprings><FractureSolution>true</FractureSolution><NewtonRaphsonType><ProgramControlled/></NewtonRaphsonType><SolverPivotChecking>ProgramControlled</SolverPivotChecking><ContactSplit><ProgramControlled/></ContactSplit><QuasiStaticOption>false</QuasiStaticOption><SemiImplicit><Off/></SemiImplicit><CyclicMSUP>false</CyclicMSUP></SolverControls><SolverFileControls version="1.0"><SolverEngineType>ANSYS</SolverEngineType><SolverUnits>11</SolverUnits><SolverFilesDirectory>C:\Users\Garvit\Downloads\piston paper\mypistoncup_files\dp0\SYS\MECH\</SolverFilesDirectory><SolverJobname>file</SolverJobname><ScratchSolverFilesDirectory>C:\Users\Garvit\Downloads\piston paper\_ProjectScratch\Scr5B6C\</ScratchSolverFilesDirectory><AdditionalList></AdditionalList><SaveANSYSDB>false</SaveANSYSDB><ContactSummary>kAnalysisSettingsContactSummaryProgramControlled</ContactSummary><DeleteUnusedFiles>true</DeleteUnusedFiles><ResultFile>file.rst</ResultFile><NonlinearSolution>false</NonlinearSolution></SolverFileControls><RestartAnalysis version="1.0"><RestartType>ProgramControlled</RestartType><RestartAction>ContinueAnalysis</RestartAction><RestartAtLoadStep>0</RestartAtLoadStep><RestartAtSubstep>0</RestartAtSubstep><RestartAtTime>0.000000000000000</RestartAtTime><EndStepTime>0.000000000000000</EndStepTime><MaxRestartAutoTime>0.000000000000000</MaxRestartAutoTime><ModifiedLoads></ModifiedLoads></RestartAnalysis><RestartControls version="1.0"><Controls>ProgramControlled</Controls><SaveAtLoadStep>None</SaveAtLoadStep><SaveSpecifiedLoadStep>1</SaveSpecifiedLoadStep><SaveAtSubstep>None</SaveAtSubstep><SaveSubstepFrequency>1</SaveSubstepFrequency><SaveMaximumFiles>0</SaveMaximumFiles><RetainFiles>No</RetainFiles><CombineMultiFrames>ProgramControlled</CombineMultiFrames></RestartControls><FractureControls version="1.0"><FractureSolverControls><HasSMARTCrackGrowth>false</HasSMARTCrackGrowth></FractureSolverControls></FractureControls><RotordynamicsControls version="1.0"><CoriolisEffect>No</CoriolisEffect><ReferenceFrameStationary>Stationary</ReferenceFrameStationary><RotatingDampingEffect>No</RotatingDampingEffect><CampbellDiagram>No</CampbellDiagram><Sorting>Yes</Sorting><ModalNumberofPoints>2</ModalNumberofPoints><ModeReuse>ProgramControlled</ModeReuse></RotordynamicsControls><MeshRestartControls version="1.0"><Controls>ProgramControlled</Controls><SaveAtLoadStep>None</SaveAtLoadStep><SaveAtSubstep>None</SaveAtSubstep><SaveSubstepFrequency>1</SaveSubstepFrequency><RetainFiles>Yes</RetainFiles></MeshRestartControls></StaticMechanicalSettings></AnalysisSettings></SolverRep></CAERep>